adapter_type,file_size_mb,file_path,num_records,total_time_seconds,processing_time_seconds,upload_time_seconds,ingestion_time_seconds,processing_task_time_seconds,persistence_time_seconds,raw_vault_time_seconds,cdc_time_seconds,records_per_second,mb_per_second,peak_memory_mb,avg_memory_mb,memory_efficiency_mb_per_record,num_batches,avg_batch_time_seconds,avg_batch_upload_time_seconds,avg_batch_processing_time_seconds,min_batch_upload_time_seconds,max_batch_upload_time_seconds,median_batch_upload_time_seconds,p95_batch_upload_time_seconds,p99_batch_upload_time_seconds,min_batch_processing_time_seconds,max_batch_processing_time_seconds,median_batch_processing_time_seconds,p95_batch_processing_time_seconds,p99_batch_processing_time_seconds,records_successful,records_failed,success_rate,cpu_usage_percent,timestamp,test_scenario,batch_size,circuit_breaker_opened,circuit_breaker_failure_rate,circuit_breaker_threshold,circuit_breaker_total_processed,circuit_breaker_total_failures,xml_streaming_enabled,xml_memory_efficiency
csv,0.1919689178466797,/home/ubuntu/data-dialysis/test_data/benchmark/test_csv_1mb_patients.csv,1613,9.61549973487854,0.19840502738952637,0.00011420249938964844,1.310321569442749,3.814697265625e-06,0.19826579093933105,0.0,0.0,167.74999162540925,0.019964528432188093,166.87890625,166.87890625,0.10345871435213887,1,0.19851922988891602,0.00011420249938964844,0.19840502738952637,0.00011420249938964844,0.00011420249938964844,0.00011420249938964844,0.00011420249938964844,0.00011420249938964844,0.19840502738952637,0.19840502738952637,0.19840502738952637,0.19840502738952637,0.19840502738952637,1613,0,1.0,0,2026-01-22T14:27:40.215820,happy_path,,False,,,,,,
csv,0.38507556915283203,/home/ubuntu/data-dialysis/test_data/benchmark/test_csv_2mb_patients.csv,3226,19.483460426330566,0.20523667335510254,0.00011873245239257812,2.5036051273345947,3.814697265625e-06,0.205094575881958,0.0,0.0,165.5763365136247,0.019764228772853342,209.74609375,209.74609375,0.06501738801921884,1,0.20535540580749512,0.00011873245239257812,0.20523667335510254,0.00011873245239257812,0.00011873245239257812,0.00011873245239257812,0.00011873245239257812,0.00011873245239257812,0.20523667335510254,0.20523667335510254,0.20523667335510254,0.20523667335510254,0.20523667335510254,3226,0,1.0,0,2026-01-22T14:27:59.710244,happy_path,,False,,,,,,
csv,0.5777788162231445,/home/ubuntu/data-dialysis/test_data/benchmark/test_csv_3mb_patients.csv,4839,29.130746126174927,0.19342899322509766,0.00013899803161621094,3.5215184688568115,1.9073486328125e-06,0.1932697296142578,0.0,0.0,166.1131499701616,0.019833986184926152,236.3203125,236.3203125,0.048836601053936765,1,0.19356799125671387,0.00013899803161621094,0.19342899322509766,0.00013899803161621094,0.00013899803161621094,0.00013899803161621094,0.00013899803161621094,0.00013899803161621094,0.19342899322509766,0.19342899322509766,0.19342899322509766,0.19342899322509766,0.19342899322509766,4839,0,1.0,0,2026-01-22T14:28:28.856450,happy_path,,False,,,,,,
json,1.0210466384887695,/home/ubuntu/data-dialysis/test_data/benchmark/test_json_1mb.json,2747,7.115789890289307,0.2612919807434082,0.0001285076141357422,4.274811744689941,8.106231689453125e-06,0.26111412048339844,0.0,0.0,386.04287680679613,0.1434902736352797,271.16015625,271.16015625,0.09871137832180561,3,0.08714016278584798,4.283587137858073e-05,0.0870973269144694,2.1457672119140625e-06,0.0001239776611328125,2.384185791015625e-06,0.0001118183135986328,0.00012154579162597655,0.054250240325927734,0.12785649299621582,0.07918524742126465,0.1229893684387207,0.1268830680847168,2747,0,1.0,0,2026-01-22T14:28:36.039170,happy_path,,False,,,,,,
json,2.0145492553710938,/home/ubuntu/data-dialysis/test_data/benchmark/test_json_2mb.json,5414,8.416413068771362,0.389345645904541,0.0001423358917236328,2.3202285766601562,7.3909759521484375e-06,0.38910436630249023,0.0,0.0,643.2669066693446,0.23935959878751292,281.79296875,281.79296875,0.05204894140192094,3,0.12982932726542154,4.744529724121094e-05,0.12978188196818033,2.384185791015625e-06,0.00013709068298339844,2.86102294921875e-06,0.00012366771697998048,0.00013440608978271485,0.1109006404876709,0.15898680686950684,0.11945819854736328,0.15503394603729248,0.15819623470306396,5414,0,1.0,0,2026-01-22T14:28:44.478182,happy_path,,False,,,,,,
json,2.967466354370117,/home/ubuntu/data-dialysis/test_data/benchmark/test_json_3mb.json,7969,12.042866468429565,0.5479714870452881,0.00014257431030273438,3.148993730545044,5.245208740234375e-06,0.5477790832519531,0.0,0.0,661.719535036843,0.24640864051339811,300.53515625,300.53515625,0.03771303253231271,3,0.18270468711853027,4.752477010091146e-05,0.18265716234842935,2.1457672119140625e-06,0.0001380443572998047,2.384185791015625e-06,0.00012447834014892576,0.0001353311538696289,0.15484070777893066,0.2335829734802246,0.1595478057861328,0.22617945671081544,0.23210227012634277,7969,0,1.0,0,2026-01-22T14:28:56.547072,happy_path,,False,,,,,,
xml,0.9987201690673828,/home/ubuntu/data-dialysis/test_data/benchmark/test_xml_1mb.xml,1129,18.021976947784424,10.705952644348145,0.014742136001586914,12.01739501953125,0.0019025802612304688,10.678390741348267,0.0,0.0,62.64573544129388,0.0554167931720811,333.109375,329.56018390486724,0.2919045030158257,1129,0.009495743826704811,1.3057693535506567e-05,0.009482686133169304,1.430511474609375e-06,0.00014734268188476562,1.9073486328125e-06,0.000110626220703125,0.00011920928955078125,0.007967472076416016,0.012925148010253906,0.009452342987060547,0.010598421096801758,0.010891847610473633,1129,0,1.0,0,2026-01-22T14:29:14.588686,happy_path,,False,,,,,,
xml,1.9978389739990234,/home/ubuntu/data-dialysis/test_data/benchmark/test_xml_2mb.xml,2259,34.606831550598145,20.121206283569336,0.029007911682128906,22.43461322784424,0.003106832504272461,20.070185661315918,0.0,0.0,65.27612898329478,0.05772961246330836,340.4609375,334.74685425884957,0.14818364509023885,2259,0.008919970869965235,1.284104102794551e-05,0.008907129828937288,2.384185791015625e-07,0.00015664100646972656,1.9073486328125e-06,0.00010919570922851562,0.00012217044830322267,0.007707118988037109,0.012699127197265625,0.008896350860595703,0.009610724449157716,0.009933457374572754,2259,0,1.0,0,2026-01-22T14:29:49.208283,happy_path,,False,,,,,,
xml,3.08518123626709,/home/ubuntu/data-dialysis/test_data/benchmark/test_xml_3mb.xml,3487,55.14410710334778,31.806190013885498,0.04530954360961914,35.458744287490845,0.004750490188598633,31.723592042922974,0.0,0.0,63.234317920224434,0.05594761432051168,383.109375,358.5781585780802,0.10283285304791517,3487,0.00913435605319619,1.2993846747811626e-05,0.009121362206448378,2.384185791015625e-07,0.00016498565673828125,2.1457672119140625e-06,0.00011014938354492188,0.0001187992095947265,0.007476806640625,0.014352560043334961,0.00904703140258789,0.010124611854553222,0.010494194030761718,3487,0,1.0,0,2026-01-22T14:30:44.369348,happy_path,,False,,,,,,
